﻿<layer name="VideoOperationDlg" width="1006" height="568" minsize="800,500" toolwin="1" ncRect="0,0,0,0"  resize="0" translucent="1">
	<body>
    <dlg pos="0,0,-0,-0" skin="video_skin_op_bg">
      <!--智能字幕引导提示-->
      <dlg name="subtitle_guide_dlg" pos="-263,-131,@201,@62" show="1">
        <img pos="0,0,@201,@54" skin="subtitle_guide_top_img"></img>
        <img pos="8,9,@36,@36" skin="subtitle_guide_log_img"></img>
        <text pos="49,10,@126,@14" crtext="FFFFFF" font="0200:PingFang SC">%str7000%</text>
        <text pos="49,32,@126,@14" crtext="FFFFFF" font="0200:PingFang SC">%str7001%</text>
        <img pos="93,54,@15,@8" skin="subtitle_guide_bottom_img"></img>
      </dlg>
      <!--上传字幕提示-->
      <dlg name="tip_uploadsubtitle" pos="10,-110,@116,@40" skin="video_subtitle_uploadtip_bg" show="0">
        <text name="tip_uploadsubtitle_text" pos="16,10" crtext="FFFFFF" font="0200:微软雅黑" txtalpha="0">%str6641%</text>
      </dlg>
      <!--智能文稿引导提示-->
      <dlg name="aidoc_guide_dlg" pos="-221,|15,@165,@43" show="0">
        <img pos="0,0,@165,@38" skin="ainote_guide_newbkg_img"></img>
        <text pos="12,10" crtext="FFFFFF" font="0200:PingFang SC">%str6971%</text>
      </dlg>
      <!--播放列表-->
      <dlg name="play_list" pos="-240,0,-0,-0" skin="video_skin_bg_temp" show="0">
        <dlg name="play_list_tab" pos="0,64,-0,96">
          <buttonex name="btn_default_list" pos="35,2,@56,@32" class="cls_video_playlist_tab_btn" crtext-uncheck="a6a6a6" crtext-check="06a8ff"
          normal-skin="video_underline_normal" hover-skin="video_underline_normal" down-skin="video_underline_hover"
          check-skin="video_underline_hover" text-yoffset="-5">%str1397%</buttonex>
          <buttonex name="btn_history_list" pos="-99,2,@56,@32" class="cls_video_playlist_tab_btn" crtext-uncheck="a6a6a6" crtext-check="06a8ff"
          normal-skin="video_underline_normal" hover-skin="video_underline_normal" down-skin="video_underline_hover"
          check-skin="video_underline_hover" text-yoffset="-5">%str1398%</buttonex>
        </dlg>
        <dlg name="play_list_default" pos="0,98,-0,-0" show="1">
           <listboxex name="play_list_default_view" pos="0,0,-0,-0" itemheight="30" itemwidth="-1" virtual="1" sbskin="sb_video">
             <template>
              <img name="img_playing" pos="25,|-3,@12,@12" skin="video_imglist_playlist_playing" show="0"></img>
              <link name="link_filename" pos="25,|-6" height="16" class="cls_video_playlist_filename" maxwidth="160" dotted="1"></link>
             </template>
          </listboxex>
        </dlg>
        <dlg name="play_list_history" pos="0,98,-0,-0" show="0">
          <dlg name="play_list_history_op" pos="0,0,-0,60">
            <imgbtn name="btn_clear_list" pos="20,18,@72,@24" class="cls_txt_video_playlist_control" icoskin="video_imglist_clearhistory" icoxoffset="4" icoyoffset="5" txtxoffset="20" txtyoffset="2" cursor="arrow">%str1395%</imgbtn>
            <imgbtn name="btn_sort_list" pos="-102,18,@72,@24" class="cls_txt_video_playlist_control" icoskin="video_imglist_sorthistoryasc" icoxoffset="4" icoyoffset="7" txtxoffset="20" txtyoffset="2" cursor="arrow">%str1396%</imgbtn>
          </dlg>
          <dlg name="play_list_history_empty" pos="0,0,-0,-0" show="0">
              <img pos="|-35,|-90,@70,@70" skin="video_playlist_empty"></img>
              <text name="play_list_empty_text" pos="76,[10" crtext="ffffff" align="center">%str1386%</text>
          </dlg>
          <listboxex name="play_list_history_view" pos="0,60,-0,-0" itemheight="30" itemwidth="-1" virtual="1" sbskin="sb_video">
             <template>
              <img name="img_playing" pos="25,|-3,@12,@12" skin="video_imglist_playlist_playing" show="0"></img>
              <link name="link_filename" pos="25,|-6" height="16" class="cls_video_playlist_filename" maxwidth="160" dotted="1"></link>
              <imgbtn name="btn_delete_his_item" pos="-34,|-1,@9,@9" skin="video_imglist_playlist_delete" cursor="arrow" show="0"></imgbtn>
            </template>
          </listboxex>
        </dlg>
      </dlg>
      <!--顶部框架区设置面板-->
      <dlg name="top_set" pos="-333,60,@185,@172" skin="video_skin_topsetting_bg" show ="0">
        <text pos="24,24" font="0200:微软雅黑" crtext="FFFFFF">%str7080%</text>
        <imgbtn name="btn_seniorsetclose" pos="-23,13,@14,@14" skin="video_play_type_close" cursor="arrow"></imgbtn>
        <imgbtn name="btn_autonextplay" pos="24,52,@64,@24" skin="video_play_type_click" crtext="06A7FF" font="0000:微软雅黑" cursor="hand">%str7081%</imgbtn>
        <imgbtn name="btn_pauseplay" pos="97,52,@64,@24" skin="video_play_type"  crtext="A2ABBD" font="0000:微软雅黑" cursor="hand">%str7082%</imgbtn>
        <imgbtn name="btn_seniorsetting" pos="24,95,@153,@24" font="0000:微软雅黑" crtext="FFFFFF" skin="titlepanel_translucent" crhover="06A7FF" cursor="arrow" align="left">%str7083%</imgbtn>
        <imgbtn name="btn_seniorsetting" pos="151,99,@14,@14" skin="video_skin_gotoset" cursor="arrow"></imgbtn>
        <img name ="top_sethr" pos="19,129,@145,@1" skin="video_play_type_dividing" show="1"></img>
        <imgbtn pos="24,138,@153,@24" name ="btn_delete"  font="0000:微软雅黑" crtext="FFFFFF" skin="titlepanel_translucent" crhover="06A7FF" cursor="arrow" align="left">%str7084%</imgbtn>
      </dlg>
      <dlg name="play_panel" pos="0,0,-0,-0">
        <!--小窗标题栏-->
        <dlg name="smallcaption" pos="0,0,-0,-0" skin="video_skin_captionbar_bg" show="0">
          <dlg name="smallwnd_topbar" pos="0,0,-0,@40">
            <imgbtn name="video_small_restorebtn" skin="video_small_restore" pos="]-35,8" animate="1" cursor="arrow"/>
            <imgbtn name="btn_set_topmost_small" skin="video_set_topmost" pos="]-35,8" cursor="arrow"/>
            <imgbtn name="video_small_closebtn" skin="video_small_close" pos="-32,8" cursor="arrow"/>
          </dlg>
          <imgbtn name="small_play" pos="|-50,|-30,@36,@36" skin="video_small_pause"></imgbtn>
          <imgbtn name="small_next" pos="[32,|-30,@36,@36" skin="video_small_next"></imgbtn>
        </dlg>
        <!--窗口左侧拖拽区域-->
        <dlg name="drag_left" pos="0,64,5,-88" skin="video_drag_left" />
        <!--窗口右侧拖拽区域-->
        <dlg name="drag_right" pos="-5,64,-0,-88" skin="video_drag_right" />
        <!--播放完成提示面板-->
        <dlg name="play_finish" pos="0,0,-0,-0" width="420" height="120" skin="video_skin_finish_bg" show="0">
          <imgbtn name="btn_play_more" pos="|-214,|-55,@120,@120" class="cls_txt_video_play_control" icoskin="video_imglist_playmore" icoxoffset="45" icoyoffset="21" txtxoffset="2" txtyoffset="30" cursor="arrow">%str1404%</imgbtn>
          <imgbtn name="btn_play_pre" pos="|-214,|-55,@120,@120" class="cls_txt_video_play_control" icoskin="video_imglist_playpre" icoxoffset="45" icoyoffset="21" txtxoffset="5" txtyoffset="30" cursor="arrow" show="0">%str1499%</imgbtn>
          <imgbtn name="btn_replay" pos="|-60,|-55,@120,@120" class="cls_txt_video_play_control" icoskin="video_imglist_replay" icoxoffset="45" icoyoffset="18" txtxoffset="2" txtyoffset="30" cursor="arrow">%str1405%</imgbtn>
          <imgbtn name="btn_play_next" pos="|94,|-55,@120,@120" class="cls_txt_video_play_control" icoskin="video_imglist_playnext" icoxoffset="45" icoyoffset="21" txtxoffset="5" txtyoffset="30" cursor="arrow">%str1399%</imgbtn>
        </dlg>
        <!--播放出错提示面板-->
        <dlg name="tip_play_error" pos="0,0,-0,-0" skin="video_skin_bg_temp" show="0">
          <text name="tip_play_error_text" pos="0,|-45,-0,@40" font="0400:微软雅黑" crtext="cccccc" align="center">%str1430%</text>
          <text name="extra_tip_play_error_text" pos="0,|-10" font="0200:微软雅黑" crtext="cccccc" show="0">%str1430%</text>
          <text name="play_error_code_text" pos="0,|-10" font="0200:微软雅黑" crtext="cccccc">%str1430%</text>
          <imgbtn name="btn_play_error_reload" pos="|-61,|30,@120,@38" class="cls_txt_white" skin="video_imglist_reload_bg" cursor="arrow">%str1427%</imgbtn>
        </dlg>
        <!--加载中面板-->
        <dlg pos="0,66,-0,-0" name="ad_panel" show="0">
          <dlg name="ad_action" pos="-240,0,-26,32" skin="video_skin_skipad_bg">
            <dlg pos="0,0,-0,-0" skin="video_skin_skipad_bg">
              <text name="ad_action_text" pos="11,8" class="cls_txt_white" txtalpha="0">%str1420%</text>
              <link name="link_ad_skip" pos="138,2,204,30" class="cls_txt_red" font="0204:微软雅黑" hoverfont="0206:微软雅黑" cursor="hand" txtalpha="0">%str1421%</link>
            </dlg>
          </dlg>
          <dlg pos="0,-32,-0,-0" skin="video_skin_bg_temp">
            <text name="ad_tip" pos="10, 8" class="cls_txt_white">%str1422%</text>
            <text name="ad_load_progress" pos="126, 6" class="cls_txt_white" font="0204:微软雅黑">%str1418%</text>
          </dlg>
          <dlg name="video_advideo_crack" pos="|-75,|-76,@150,@106" show="0">
            <img name="video_aderror_crack_image" pos="0,0,-0,-0" skin="video_default_ad_img"/>
          </dlg>
        </dlg>
        <!--私有文件的右侧操作面板-->
        <dlg name="toolarea_myfile" pos="-56,|-56,@56,@70" skin="video_skin_right_small_bgk">
          <imgbtn name="btn_ai_note" pos="16,16,@24,@38" skin="video_skin_video_ainote" cursor="arrow"/>
          <imgbtn name="btn_ai_doc" pos="16,[16,@24,@38" skin="video_skin_video_aifile" cursor="arrow" show="0"/>
        </dlg>
        <!--他人分享文件的右侧操作面板-->
        <dlg name="toolarea_othershare" pos="-56,|-56,@56,@70" skin="video_skin_right_small_bgk" show="0">
          <imgbtn name="btn_ai_note" pos="16,16,@24,@38" skin="video_skin_video_ainote" cursor="arrow"/>
        </dlg>
        
        <!--底部操作栏-->
        <dlg name="taskbar" pos="0,-106,-0,-0" skin="video_skin_taskbar_bg">
          <dlg name="taskbarcontent" pos="0,18,-0,-0" skin="video_skin_taskbar_bg">
            <progress name="progress_bar" pos="0,22,-0,24" bgskin="video_prog_bg" posskin="video_prog_bar" pointskin="video_note_process_bar_point" value="12" min="0" max="100" showpercent="0" show="1"/>
            <sliderbar name="sliderbar_progress_control" pos="0,16,-0,32" alpha="255" bgskin="video_big_prog_bg" pointskin="video_note_process_bar_big_point" posskin="video_big_prog_bar" thumbskin="video_slide_thumb" value="0" min="0" max="100" show="0"/>
            <imgbtn name="btn_play" pos="19,44" width="20" height="24" skin="video_imglist_pause" cursor="arrow"/>
            <imgbtn name="btn_pre" pos="[20,49" width="15" height="14" skin="video_imglist_pre" cursor="arrow"/>
            <imgbtn name="btn_next" pos="[12,49" width="15" height="14" skin="video_imglist_next" cursor="arrow"/>
            <text pos="[20,48" class="cls_txt_white" name="play_time_progress" txtalpha="0">%str1416%</text>
            
            <!--倍速-->
            <imgbtn name="btn_video_overspeed" pos="-329,38" width="62" height="36" class="cls_video_dlg_words_btn" cursor="arrow" txtalpha="0">%str1457%</imgbtn>
            <imgbtn name="btn_video_model" pos="-329,38" width="62" height="36" class="cls_video_dlg_words_btn" cursor="arrow" txtalpha="0" show="0">%str1402%</imgbtn>
            <!--清晰度按钮-->
            <imgbtn name="btn_video_definition_mode" pos="-263,38" width="62" height="36" class="cls_video_definition_dlg_words_btn" cursor="arrow" txtalpha="0">%str1402%</imgbtn>
            <!--字幕-->
            <imgbtn name="btn_video_subtitle" pos="-197,38" width="62" height="36" class="cls_video_dlg_words_btn" cursor="arrow" txtalpha="0" show="1">%str1411%</imgbtn>
            <!--小喇叭-->
            <imgbtn name="btn_volum" pos="-127,40" width="32" height="32" skin="video_imglist_volum" cursor="arrow"/>
            <!--列表-->
            <imgbtn name="btn_play_list" pos="-87,48" width="17" height="15" skin="video_imglist_open_playlist" cursor="arrow"/>
            <!--全屏-->
            <imgbtn name="btn_full_screen" pos="-62,40" width="32" height="32" skin="video_imglist_halfscreen" cursor="arrow"/>
            <img name="img_overspeed_new" pos="-293,40,@26,@12" skin="video_overspeed_new_img" show="1"></img>
            <img name="img_definition_new" pos="-227,40,@26,@12" skin="video_overspeed_new_img" show="0"></img>
            <img name="img_subtitle_new" pos="-160,40,@26,@12" skin="video_overspeed_new_img" show="1"></img>
          </dlg>
          <img name="img_definition_guide" pos="-293,0,@206,@72" skin="video_definition_guide_img" show="0"></img>        
        </dlg>
       <!--tip panel begin-->
          <!--下载Tip-->
          <dlg name="toolarea_download_tip" pos="-212,|-14,-62,|14" skin="video_skin_tip_bg" show="0">
            <img name="myfile_download_tip_img" pos="2,0" skin="video_skin_success_icon"></img>
            <text name="myfile_download_tip" pos="30,4" class="cls_txt_white" txtalpha="0">%str1409%</text>
          </dlg>
          <!--加载中Tip-->
          <dlg name="tip_loading" pos="|-50,|-40" width="100" height="80" show="0">
            <animateimg name="gif_loading" pos="|-21,0" width="42" height="40" skin="video_skin_loading_png" autostart="1"/>
            <text name="loading_tip" pos="6,[10" class="cls_txt_white" txtalpha="0">%str1365%</text>
          </dlg>
          <!--播放控制Tip-->
          <dlg name="play_control_tip" pos="10,-102,112,-74" skin="video_skin_tip_bg" show="0">
            <text name="play_control_tip_text" pos="10,4" class="cls_txt_white" txtalpha="0"/>
          </dlg>
          <!--记住播放位置Tip-->
          <dlg name="tip_history_play" pos="10,-102" width="204" height="28" skin="video_skin_tip_bg" show="0">
            <text name="tip_history_play_text" pos="10,5" class="cls_txt_white" txtalpha="0">%str1412%</text>
            <link name="link_replay" pos="144,0" width="50" height="28" crtext="008AFF" font="0000:微软雅黑" hoverfont="0002:微软雅黑" skin="video_skin_op_bg" txtalpha="0" cursor="hand">%str1413%</link>
          </dlg>
          <!--反馈卡顿成功Tip-->
          <dlg name="tip_carlton_feedback" pos="10,-102" width="148" height="28" skin="video_skin_tip_bg" show="0">
            <text name="tip_carlton_feedback_text" pos="10,5" class="cls_txt_white" txtalpha="0">%str1488%</text>
            <link name="link_carlton_feedback" pos="70,0" width="50" height="28" crtext="008AFF" font="0000:微软雅黑" hoverfont="0002:微软雅黑" skin="video_skin_op_bg" txtalpha="0" cursor="hand">%str1489%</link>
            <imgbtn name="close_carlton_feedback_btn" skin="video_imglist_close" pos="116,|-16" cursor="arrow"/>
          </dlg>
          <!--原画播放Tip-->
          <dlg name="tip_carlton_origin" pos="10,-102" width="254" height="28" skin="video_skin_tip_bg" show="0">
            <text name="tip_carlton_origin_text" pos="10,5" class="cls_txt_white" txtalpha="0">%str1406%</text>
            <link name="link_quality_switch" pos="218,0" width="24" height="28" crtext="008AFF" font="0000:微软雅黑" hoverfont="0002:微软雅黑" txtalpha="0" skin="video_skin_op_bg" cursor="hand">%str1414%</link>
          </dlg>
          <!--流畅播放Tip-->
          <dlg name="tip_carlton_smooth" pos="10,-102" width="238" height="28" skin="video_skin_tip_bg" show="0">
            <text name="tip_carlton_smooth_text" pos="10,4" class="cls_txt_white" txtalpha="0">%str1407%</text>
            <text name="tip_cache_progress_text" pos="204,4" crtext="FFFFFF" font="0004:微软雅黑" txtalpha="0">%str1418%</text>
          </dlg>
          <!--网络异常Tip-->
          <dlg name="tip_network_failed" pos="10,-102" width="189" height="28" skin="video_skin_tip_bg" show="0">
            <text name="tip_network_failed_text" pos="10,4" class="cls_txt_white" txtalpha="0">%str1408%</text>
          </dlg>
          <!--Seek相关Tip-->
          <dlg name="tip_seek_loading" pos="10,-102" width="162" height="28" skin="video_skin_tip_bg" show="0">
            <text name="tip_seek_loading_text" pos="10,4" class="cls_txt_white" txtalpha="0">%str1428%</text>
            <text name="tip_seek_loading_progress_text" pos="126,4" crtext="FFFFFF" font="0004:微软雅黑" txtalpha="0">%str1418%</text>
          </dlg>
          <!--清晰度Tip-->
          <dlg name="tip_definition" pos="10,-102" skin="video_skin_tip_bg" show="0">
            <img name="tip_definition_img_svip" pos="10,5,@16,@16" skin="video_overspeed_svip_img" show="0"></img>
            <text name="tip_definition_head" pos="30,4" class="cls_txt_white" txtalpha="0"></text>
            <text name="tip_definition_middle" pos="[0,4" crtext="FFFFFF" font="0000:微软雅黑" txtalpha="0"></text>
            <text name="tip_definition_tail" pos="[0,4" class="cls_txt_white" txtalpha="0"></text>
          </dlg>
          <!--倍速Tip-->
          <dlg name="tip_overspeed" pos="10,-102" skin="video_skin_tip_bg" show="0">
            <img name="tip_overspeed_img_svip" pos="10,5,@16,@16" skin="video_overspeed_svip_img" show="0"></img>
            <text name="tip_overspeed_head" pos="30,4" class="cls_txt_white" txtalpha="0"></text>
            <text name="tip_overspeed_middle" pos="[0,4" crtext="FFFFFF" font="0000:微软雅黑" txtalpha="0"></text>
            <text name="tip_overspeed_tail" pos="[0,4" class="cls_txt_white" txtalpha="0"></text>
          </dlg>
          <!--解码方式Tip-->
          <dlg name="tip_decode" pos="10,-102" skin="video_skin_tip_bg" show="0">
            <text name="tip_decode_text" pos="10,4" class="cls_txt_white" txtalpha="0"></text>
          </dlg>
          <!--通用Tip-->
          <dlg name="tip_common_info" pos="10,-102" skin="video_skin_tip_bg" show="0">
            <text name="tip_common_info_text" pos="10,4" class="cls_txt_white" txtalpha="0"></text>
          </dlg>
        <!--tip panel end-->
        <!--音量调节-->
        <dlg name="video_volume_adjust" pos="-127,-190,@40,@122" skin="video_volume_adjust_bg" show="0">
          <text name="play_video_volume_text" pos="6,10" class="cls_txt_white" txtalpha="0">%str7087%</text>
          <sliderbar name="sliderbar_volum_control" pos="16,30" vertical ="1" inverse="1" width="6" height="84" alpha="255" bgskin="video_prog_bg_volum" posskin="video_big_prog_bar" thumbskin="video_volum_thumb_small" value="0" min="0" max="100"/>
        </dlg>
        <!--鼠标hover进度条提示面板-->
        <dlg name="tip_progress_time_text" pos="0,-160,-0,-70" show="0">
          <dlg name="progress_sliderbar_time_dlg" pos="0,0,160,90" skin="video_time_tip_bg">
            <img name="video_preview_thumb_img" pos="0,0,160,90" skin="video_time_tip_bg" show="1"/>
            <text name="progress_sliderbar_time_text" pos="8,-18" class="cls_txt_white" txtalpha="0">%str1417%</text>
          </dlg>
          <hr name="tip_progress_time_line" pos="12,33,13,42" crbg="ffffff"></hr>
        </dlg>
        <!--字幕选择面板-->
        <dlg name="video_subtitle_selectpanel" pos="-370,-391,@320,@321" skin="video_select_subtitle_bg" show="0">
          <imgbtn name="video_subtileselect_backoff" pos="16,20,@16,@16" skin="video_play_type_back" cursor="arrow" show="1"></imgbtn>
          <text pos ="[4,20" crtext="FFFFFF" font="0000:微软雅黑">%str6636%</text>
          <imgbtn pos="-20,12,@14,@14" name="video_subtitleselect_close" skin="video_play_type_close" cursor="arrow"/>
          <listboxex name="video_subtileselect_list" pos="16,52,-0,@182" scrollspeed="20" itemheight="26" itemwidth="270" sbskin="sb_videoscrollbr" virtual="1">
            <template>
              <dlg name="subtilteselect" pos="0,0,-0,-0">
                <img name ="video_select_subtitle" pos="0,5,@18,@18" skin="video_select_subtitle" show="1" />
                <img name ="video_subtitle_ai" pos="[6,5,@18,@18" skin="video_subtitle_ai" show="0" />
                <text name ="video_subtitle_text" id="1" pos="[6,4" crtext="A2ABBD" crhover="0095FF" font="0000:微软雅黑" dotted="1" msgtransparent="0"/>
                <img name ="video_subtitle_vip" pos="100,8,@30,@15" skin="video_subtitle_vip" show="0" />
                <img name ="video_subtitle_tryout" pos="100,8,@30,@15" skin="video_subtitle_tryout" show="0" />
              </dlg>
            </template>
          </listboxex>
          <dlg name ="upload_bg" pos="4,-83,@312,@82" skin="video_subtitle_uploadbg">
            <imgbtn name="video_upload_subtitle" pos="220,27,@80,@28" font="0200:微软雅黑" crtext="ffffff" skin="video_upload_subtitle_bg" tip="%str6639%" cursor="hand">%str6639%</imgbtn>
            <dlg name ="video_uploadloding" pos="220,27,@80,@28" skin="video_upload_subtitle_bg" show="0">
              <gifplayer name="loading_view_gif" pos="8,6,@16,@16" skin="fileqrcodedlg_loading_gif"/>
              <text pos ="[4,4" crtext="FFFFFF" font="0200:微软雅黑">%str6640%</text>
            </dlg>
          </dlg>
        </dlg>
        <!--字幕面板-->
        <dlg name="video_subtitle_panel" pos="-350,-266" width="296" height="196" skin="video_select_subtitlepanel_bg" show="0">
          <text name="video_subtitle_current_font" pos="24,32" class="cls_video_subtitle_txt_gray">%str1433%</text>
          <text name="video_subtitle_time" pos="24,86" class="cls_video_subtitle_txt_gray">%str1434%</text>
          <text name="video_subtitle_size" pos="24,140" class="cls_video_subtitle_txt_gray">%str1435%</text>
          <imgbtn name="video_subtitle_btn_feedback" skin="common_translucent_img" icoskin="video_subtitle_feedback_entrance" pos="-46,6,@16,@16" tip="问题反馈" cursor="hand" show="0"/>
          <imgbtn name="video_subtitle_btn_close" skin="video_subtitle_op_close" pos="-20,8" cursor="arrow"/>
          <imgbtn name="video_current_set" pos="88,26,@190,@32" skin="video_subtitle_border"  cursor="hand"/>
          <text name="video_currentsubtitle_text" pos="92,32,@170,@20" crtext="FFFFFF" font="0000:微软雅黑" dotted="1"></text>
          <imgbtn name="video_set_subtitle" pos="-37,34,@16,@16" font="0404:微软雅黑" crtext="ffffff" skin="video_skin_gotoset" cursor="hand"></imgbtn>
          <imgbtn name="video_subtitle_sub" pos="88,80" font="0404:微软雅黑" crtext="ffffff" 
                  width="28" height="28" skin="video_subtitle_sub_btn" tip="%str1450%" cursor="arrow"></imgbtn>
          <img pos="128,80,@100,@28" skin="video_subtitle_border" />
          <text name="video_subtitle_time_shift" pos="164,84" class="cls_video_subtitle_txt_blue"></text>
          <imgbtn name="video_subtitle_add" pos="240,80" font="0404:微软雅黑" crtext="ffffff" 
                  width="28" height="28" skin="video_subtitle_add_btn" tip="%str1449%" cursor="arrow"></imgbtn>
          <img pos="94,-52,@162,@2" skin="video_subtitle_size_line"></img>
          <img pos="91,-54,@8,@8" skin="video_subtitle_size_img_small" />
          <img pos="145,-54,@8,@8" skin="video_subtitle_size_img_small" />
          <img pos="200,-54,@8,@8" skin="video_subtitle_size_img_small" />
          <img pos="253,-54,@8,@8" skin="video_subtitle_size_img_small" />
          <sliderbar name="video_zise_sliderbar" pos="90,136,@172,@20" alpha="255"
                     bgskin="video_subtitle_slider_bg" posskin="video_skin_op_bg" thumbskin="video_subtitle_size_img_big"
                     value="1" min="0" max="3"/>
          <text name="sutitle_font_small" pos="90,-38" class="cls_video_subtitle_txt_gray">%str1436%</text>
          <text name="sutitle_font_normal" pos="138,-38" class="cls_video_subtitle_txt_gray">%str1437%</text>
          <text name="sutitle_font_large" pos="196,-38" class="cls_video_subtitle_txt_gray">%str1438%</text>
          <text name="sutitle_font_very_large" pos="244,-38" class="cls_video_subtitle_txt_gray">%str1439%</text>
        </dlg>
        <!--字幕问题反馈面板-->
        <dlg name="video_subtitle_feedback" pos="-380,-325,@320,@254" skin="video_subtitle_feedback_bg" show="0">
          <imgbtn name="imgbtn_video_subtitle_feedback_close" skin="video_subtitle_op_close" pos="-20,8" cursor="arrow"/>
          <text pos="0,20,-0,@14" crtext="FFFFFF" font="0204:微软雅黑" align="center">%str7120%</text>
          <dlg name="dlg_video_subtitle_feedback_category" pos="24,48,@272,@92" skin="video_subtitle_feedback_bg_gray">
            <dlg pos="0,7,-0,-7">
              <filethumbview name="filethumbview_video_feedback_category" pos="0,0,-0,-0" itemheight="26" itemwidth="136" virtual="1">
                <template>
                  <dlg name="dlg_thumb_item" pos="24,7,-12,-7">
                    <imgbtn name="btn_item_category" pos="0,0,-0,-0" skin="common_translucent_img" icoskin="video_subtitle_feedback_category_choose_not" 
                          icoxoffset="0" icoyoffset="0" crtext="FFFFFF" txtxoffset="16" align="left" cursor="hand"/>
                  </dlg>
                </template>
              </filethumbview>
            </dlg>
          </dlg>
          <dlg name="dlg_video_subtitle_feedback_desc" pos="24,[12,@272,@48" skin="video_subtitle_feedback_bg_gray">
            <edit name="edit_video_subtitle_feedback_desc" pos="0,7,-0,-0" maxbuf="20" deftext="%str7121%" crdeftext="5A5A5A" 
                  align="left" valign="top" multilines="1" wantreturn="1" vscrollbar="0"  hscrollbar="0" font="0400:微软雅黑"
                  crtext="FFFFFF" x-margin="9" defleftmargin="5" skin="common_translucent_img"/>
            <text name="text_video_subtitle_feedback_desc_words_number" pos="-5,25" maxwidth="50" pos2type="righttop" crtext="B2B2B2" font="0000:微软雅黑" show="1"/>
          </dlg>
          <imgbtn name="imgbtn_video_subtitle_feedback_submit" pos="96,[12,@128,@36" skin="video_subtitle_feedback_submit"></imgbtn>
        </dlg>
        <!--字幕问题反馈结果提示面板-->
        <dlg name="video_subtitle_feedback_ret" pos="20,-120,@92,@50" skin="video_time_tip_bg" show="0">
          <text name ="txt_video_subtitle_feedback_ret" pos="0,18,-0,@14" crtext="FFFFFF" font="0204:微软雅黑" align="center"></text>
        </dlg>
		    <!--清晰度选择面板-->
        <dlg name="video_definition_panel" pos="-340,-425" width="208" height="355" show="0">
          <dlg name="video_definition_panel_guide" pos="0,0,-0,-0" skin="video_time_tip_bg">
            <imgbtn name="video_definition_4000" pos="4,-271,@200,@30" class="cls_video_definition_item_blue_btn" txtalpha="0">%str3309%</imgbtn>
            <imgbtn name="video_definition_2000" pos="4,-241,@200,@30" class="cls_video_definition_item_blue_btn" txtalpha="0">%str3305%</imgbtn>
            <imgbtn name="video_definition_1080_hq" pos="4,-211,@200,@30" class="cls_video_definition_item_blue_btn" txtalpha="0">%str3322%</imgbtn>
            <imgbtn name="video_definition_1080" pos="4,-181,@200,@30" class="cls_video_definition_item_blue_btn" txtalpha="0">%str3304%</imgbtn>        
            <imgbtn name="video_definition_720" pos="4,-151,@200,@30" class="cls_video_definition_item_blue_btn" txtalpha="0">%str3303%</imgbtn>
            <imgbtn name="video_definition_480" pos="4,-121,@200,@30" class="cls_video_definition_item_blue_btn" txtalpha="0">%str3302%</imgbtn>
            <imgbtn name="video_definition_360" pos="4,-91,@200,@30" class="cls_video_definition_item_blue_btn" txtalpha="0">%str3301%</imgbtn>
            <text name="video_definition_script_txt_4000" pos="145,-262,@30,@12" class="cls_video_definition_script_text" show="0"></text>
            <text name="video_definition_script_txt_2000" pos="145,-232,@30,@12" class="cls_video_definition_script_text" show="0"></text>
            <text name="video_definition_script_txt_1080_hq" pos="145,-202,@30,@12" class="cls_video_definition_script_text" show="0"></text>
            <text name="video_definition_script_txt_1080" pos="145,-172,@30,@12" class="cls_video_definition_script_text" show="0"></text>
            <text name="video_definition_script_txt_720" pos="145,-142,@30,@12" class="cls_video_definition_script_text" show="0"></text>
            <dlg name="video_definition_display" pos="0,-53,-0,-0">
                <hr pos="16,0,-16,1" crbg="333333"></hr>
                <text name="video_definition_type_tip" pos="36,16" class="cls_txt_white" txtalpha="0">%str3306%</text>
                <text name="video_definition_type" pos="118,16" font="0000:微软雅黑" align="center" crtext="ffffff" txtalpha="0">%str3308%</text>
            </dlg>
            <dlg name="video_definition_pay_introduce_line1" pos="15,-62,-15,-0" show="0" skin="video_guide_pay_bg_img">
              <img pos="10,15,@16,@16" skin="video_overspeed_svip_img"></img>
              <text name="video_definition_type" pos="[5,14" font="0000:微软雅黑" align="center" crtext="FDDB9C" txtalpha="0">%str3324%</text>
              <imgbtn name="guid_pay_btn_yellow" skin="video_guide_pay_btn_yellow" pos="113,11,@60,@24" crtext="664100" >%str3327%</imgbtn>
            </dlg>
            <dlg name="video_definition_pay_introduce_line2" pos="30,-74,-30,-0" show="0" skin="video_guide_pay_bg_img">
              <img pos="10,22,@16,@16" skin="video_overspeed_svip_img"></img>
              <text name="video_definition_type_line1" pos="[5,10" font="0004:微软雅黑" align="center" crtext="FDDB9C" txtalpha="0">%str3325%</text>
              <text name="video_definition_type_line2" pos="31,[5" font="0000:微软雅黑" align="center" crtext="FDDB9C" txtalpha="0">%str3326%</text>
              <imgbtn name="guid_pay_btn_yellow" skin="video_guide_pay_btn_yellow" pos="113,19,@60,@24" crtext="664100" >%str3329%</imgbtn>
            </dlg>
          </dlg>
        </dlg>
        <!--倍速选择面板-->
        <dlg name="video_overspeed_panel" pos="-530,-170,@320,@101" skin="video_time_tip_bg" show="0">
          <dlg name="video_overspeed_guide_svip" pos="0,0,-0,@48" show="1">
            <img name="video_overspeed_img_svip" pos="20,18,@16,@16" skin="video_overspeed_svip_img"></img>
            <text name="video_overspeed_guide_head" pos="44,18" crtext="FDDB9C" font="0000:微软雅黑" txtalpha="0">%str1465%</text>
            <imgbtn name="video_overspeed_svip" pos="-98,10" width="78" height="28" class="cls_video_overspeed_vip_btn" txtalpha="0">%str1464%</imgbtn>
            <hr pos="16,47,-16,@1" crbg="333333"></hr>
          </dlg>
          <dlg name="video_overspeed_panel" pos="0,48,-0,@48" show="0">
            <imgbtn name="video_overspeed_75" pos="20,12,@46,@30" class="cls_video_overspeed_item_white_btn" txtalpha="0">%str1458%</imgbtn>
            <imgbtn name="video_overspeed_100" pos="[0,12,@46,@30" class="cls_video_overspeed_item_white_btn" txtalpha="0">%str1459%</imgbtn>
            <imgbtn name="video_overspeed_125" pos="[0,12,@46,@30" class="cls_video_overspeed_item_white_btn" txtalpha="0">%str1460%</imgbtn>
            <imgbtn name="video_overspeed_150" pos="[0,12,@46,@30" class="cls_video_overspeed_item_white_btn" txtalpha="0">%str1461%</imgbtn>
            <imgbtn name="video_overspeed_200" pos="[0,12,@46,@30" class="cls_video_overspeed_item_white_btn" txtalpha="0">%str1462%</imgbtn>
            <hr pos="[0,20,@1,@14" crbg="333333"></hr>
            <imgbtn name="video_overspeed_custom" pos="[10,12,@46,@30" class="cls_video_overspeed_item_white_btn" txtalpha="0">%str1379%</imgbtn>
          </dlg>
          <dlg name="video_overspeed_customs_panel" pos="0,48,-0,@92" show="0">
            <hr pos="16,[0,-16,@1" crbg="333333"></hr>
            <text name="video_overspeed_custom_text" pos="20,15,@60,@12" class="cls_txt_white" txtalpha="0">%str1467%</text>
            <text name="video_overspeed_custom_values" pos="-70,15,@38,@12"  crtext="F9D680" font="0000:微软雅黑" txtalpha="0">%str1465%</text>
            <text pos="[0,15,@12,@12" skin="video_prog_speed_arrow"></text>
            <sliderbar name="sliderbar_overspeed_customs" pos="20,35,@280,@20" width="280" height="20" alpha="255" bgskin="video_prog_bg_volum" posskin="video_prog_bar_speed" thumbskin="video_speed_thumb_small" value="100" min="50" max="300"/>
            <text name="video_overspeed_text_50" pos="20,-30,@24,@12" font="0004:微软雅黑" class="cls_txt_white" txtalpha="0">%str1381%</text>
            <text name="video_overspeed_text_100" pos="65,-30,@24,@12" font="0004:微软雅黑" class="cls_txt_white" txtalpha="0">%str1382%</text>
            <text name="video_overspeed_text_150" pos="120,-30,@24,@12" font="0004:微软雅黑" class="cls_txt_white" txtalpha="0">%str1461%</text>
            <text name="video_overspeed_text_200" pos="175,-30,@24,@12" font="0004:微软雅黑" class="cls_txt_white" txtalpha="0">%str1462%</text>
            <text name="video_overspeed_text_250" pos="230,-30,@24,@12" font="0004:微软雅黑" class="cls_txt_white" txtalpha="0">%str1377%</text>
            <text name="video_overspeed_text_300" pos="280,-30,@24,@12" font="0004:微软雅黑" class="cls_txt_white" txtalpha="0">%str1380%</text>
          </dlg>
        </dlg>
        
      </dlg>
      <!--标题栏-->
      <dlg name="caption" pos="0,0,-0,64" skin="video_skin_captionbar_bg" show="1">
        <dlg name="filename_panel" pos="20,0,-320,64">
          <text pos="0,8,-0,-8" crtext="ffffff" font="0404:微软雅黑" name="filename" txtalpha="0"></text>
        </dlg>
        <dlg name="btn_panel" pos="-320,0,-0,64">
          <imgbtn name="btn_share" skin="video_share" pos="]-40,16,@30,@30" cursor="arrow"/>
          <imgbtn name="btn_download" skin="video_download" pos="]-40,16,@30,@30" cursor="arrow"/>
          <imgbtn name="btn_moresetting" skin="video_skin_senior" pos="]-40,18" cursor="arrow"/>
          <img pos="]-14,20,@1,@24" skin="video_topline"></img>
          <imgbtn name="btn_small" skin="video_small" pos="]-40,20" cursor="arrow"/>
          <imgbtn name="btn_set_topmost" skin="video_set_topmost" pos="]-40,20" cursor="arrow"/>
          <imgbtn name="btn_minimize" skin="video_imglist_minsize" pos="]-40,16" animate="1" cursor="arrow"/>
          <imgbtn name="btn_max" skin="video_imglist_maxsize_normal" pos="]0,16" animate="1" cursor="arrow"/>
          <imgbtn name="btn_max_recover" skin="video_imglist_maxsize_recover"  pos="]-40,16" show="0" animate="1" cursor="arrow"/>
          <imgbtn name="btn_close" skin="video_imglist_close" pos="-42,16" cursor="arrow"/>
        </dlg>
      </dlg>
      <!--智能字幕生成选择界面-->
      <dlg name="subtitle_produce_dlg" pos="33,-129,@392,@50" skin="subtitle_produce_dlg_bg_img" show="0">
        <img pos="10,7,@36,@36" skin="subtitle_guide_log_img"></img>
        <text pos="49,18,@182,@14" crtext="FFFFFF" font="0200:PingFang SC">%str7002%</text>
        <imgbtn name="chinese_btn" pos="243,13,@48,@24" skin="subtitle_language_btn_img" crtext="A2ABBD" font="0000:PingFang SC">%str6631%</imgbtn>
        <imgbtn name="english_btn" pos="300,13,@48,@24" skin="subtitle_language_btn_img" crtext="A2ABBD" font="0000:PingFang SC">%str6632%</imgbtn>
        <imgbtn name="subtitle_produce_close_btn" pos="366,21,@8,@8" skin="subtitle_produce_close_btn_img" cursor="arrow" animate="0"></imgbtn>
      </dlg>
       <!--智能文稿生成选择界面-->
      <dlg name="aidoc_produce_dlg" skin="aidoc_produce_dlg_bg_img" pos="33,-130,@193,@51" show="0">
        <imgbtn name="aidoc_produce_view_btn" skin="titlepanel_translucent" pos="0,0,@193,@51" crtext="FFFFFF" font="0000:PingFang SC"></imgbtn>
      </dlg>
      <!--连播提示条-->
      <dlg name="remain_video_tip" pos="-330,-168,@297,@82" skin="video_next_play" show="0">
        <img pos="8,8,@120,@66" name="video_picture"></img>
        <text pos="140,12,@115,@14" name="video_time" crtext="FFFFFF" font="0200:微软雅黑">%str7086%</text>
        <imgbtn pos="277,10,@10,@10" name="closenexttip_btn" skin="video_skin_seniorclose" cursor="arrow"></imgbtn>
        <text pos="140,34,@155,@14" name="video_name" crtext="888A8D" font="0000:微软雅黑" height="17" dotted="1"></text>
        <link pos="140,56,@48,@14" name="link_now_play" crtext="06A7FF" font="0000:微软雅黑">%str7085%</link>
      </dlg>
      <!--设置面板-->
      <dlg name="video_decode_panel" pos="-313,60,@197,@334" skin="video_decode_bg" show="0">
        <imgbtn name="video_decode_btn_close" skin="video_play_type_close" pos="175,12,@14,@14" cursor="arrow"/>
        <imgbtn name="btn_set_backoff" pos="24,23,@14,@14" skin="video_play_type_back" cursor="arrow" show="1"></imgbtn>
        <text pos ="40,21" crtext="FFFFFF" font="0000:微软雅黑">%str6068%</text>
        <text name="video_decode_title" pos="28,52,@80,@20" crtext="FFFFFF" font="0000:微软雅黑">%str1362%</text>
        <imgbtn name="btn_hardware_decode" pos="24,70,@64,@24" crtext="06A7FF" font="0000:微软雅黑" skin="video_play_type_click" cursor="hand" show="1">%str1360%</imgbtn>
        <imgbtn name="btn_software_decode" pos="[9,70,@64,@24" crtext="A2ABBD" font="0000:微软雅黑" skin="video_play_type" cursor="hand" show="1">%str1361%</imgbtn>
        <text name="video_renderer_title" pos="28,114,@100,@20" crtext="FFFFFF"  font="0000:微软雅黑">%str1347%</text>
        <imgbtn name="btn_normal_render" pos="24,132,@64,@24" crtext="A2ABBD" font="0000:微软雅黑" skin="video_play_type" cursor="hand" show="1">%str1348%</imgbtn>
        <imgbtn name="btn_direct3d9" pos="[9,132,@77,@24" crtext="06A7FF" font="0000:微软雅黑" skin="video_play_type_click" cursor="hand" show="1">%str1349%</imgbtn>
        <imgbtn name="btn_opengl" pos="24,164,@64,@24" crtext="A2ABBD" font="0000:微软雅黑" skin="video_play_type" cursor="hand" show="1">%str1351%</imgbtn>
        <imgbtn name="btn_direct3d11" pos="[9,164,@77,@24" crtext="A2ABBD" font="0000:微软雅黑" skin="video_play_type" cursor="hand" show="1">%str1350%</imgbtn>
        <imgbtn name="btn_opengles2" pos="24,196,@85,@24" crtext="A2ABBD" font="0000:微软雅黑" skin="video_play_type" cursor="hand" show="1">%str1352%</imgbtn>
        <text name="audio_output_title" pos="28,240,@100,@20" crtext="FFFFFF"  font="0000:微软雅黑">%str1353%</text>
        <imgbtn name="btn_direct_sound" pos="24,258,@85,@24" crtext="06A7FF" font="0000:微软雅黑" skin="video_play_type_click" cursor="hand" show="1">%str1354%</imgbtn>
        <imgbtn name="btn_winmm" pos="[9,258,@55,@24" crtext="A2ABBD" font="0000:微软雅黑" skin="video_play_type" cursor="hand" show="1">%str1355%</imgbtn>
        <imgbtn name="btn_wasapi" pos="24,290,@62,@24" crtext="A2ABBD" font="0000:微软雅黑" skin="video_play_type" cursor="hand" show="1">%str1356%</imgbtn>
      </dlg>
    </dlg>
	</body>
</layer>