<layer title="%str6970%" width="349" height="497" minsize="349,497" appwin="0" ncRect="0,0,0,0" resize="1" translucent="0" nomaxsize="0">
  <body>
    <dlg pos="0,0,-0,-0" class="cls_dlg_video_ai_note">
      <dlg pos="0,0,-0,-0"  name="text_load_video_tip" skin="video_playlist_bg">
        <gifplayer name="gif_loading" pos="|-16,|-44,@32,@32" skin="video_playlist_gif_loading"/>
        <text pos="0,[30,-0,@14" crtext="A1A1A1" font="0200:微软雅黑" align="center">%str7256%</text>
      </dlg>
      <webbrowser name="ai_note_page" pos="0,0,-0,-0" use_ie="0" reboot_on_render_crash="0" show="0"/>
      <!--网络连接错误面板-->
      <dlg name="network_error_panel" pos="0,0,-0,-0" show="0">
        <dlg name="network_error_tip_panel" pos="|-90,|-100" width="180" height="200">
          <img pos="|-52,0" skin="doc_dlg_load_error" width="103" height="93" />
          <text pos="0,110,-0,130" class="cls_txt_red">%str6952%</text>
          <imgbtn name="btn_retry" class="defultbtn" pos="|-48,162" width="96" height="34" cursor="arrow">%str6953%</imgbtn>
        </dlg>
      </dlg>
    </dlg>
  </body>
</layer>