<dlg  name="PanContainerPanel" pos="0,0,-0,-0" show="1">
  <dlg name="pan_container_toolbar" pos="0,0,-250,45">
    <include src="IDR_DUI_PAN_CONTAINER_TOOLBAR"/>
  </dlg>
  <dlg name="pan_container_searchbox" pos="-250,0,-0,45">
    <include src="IDR_DUI_FILE_CONTAINER_SEARCHBOX"/>
  </dlg>
  <dlg name="pan_container_address_panel" pos="0,45,-0,@40">
    <include src="IDR_DUI_FILE_CONTAINER_ADDRESS_PANEL"/>
  </dlg>
  <dlg name="pan_container_view_panel" pos="0,85,-0,-34">
	<include src="IDR_DUI_FILE_VIEWCONTAINER_PANEL"/>
  </dlg>
  <!-- 加速相关引导提示-->
  <dlg name="pan_speedup_tip_panel" pos="-560,-102,-20,-34" skin="speeduptippanel_bg" show="0">
    <img name="guide_speedup_recommend_icon" pos="0,0,@36,@18" skin="speeduptippanel_recommend_icon" show="0"></img>
    <img name="guide_speedup_img" pos="14,26,@15,@15" skin="speeduptippanel_smile"></img>
    <link name="guide_speedup_tip" pos="37,26" class="cls_speedup_tip_txt"></link>
    <imgbtn name="speedup_btn1" pos="[20,14,@132,@40" class="cls_speedup_btn_txt" show="0"></imgbtn>
    <imgbtn name="speedup_btn2" pos="[20,14,@132,@40" class="cls_speedup_btn_txt" show="0"></imgbtn>
    <imgbtn name="speedup_btn3" pos="[20,14,@132,@40" class="cls_speedup_btn_txt" show="0"></imgbtn>
    <imgbtn name="speedup_corner_btn1" pos="100,3" class="cls_speedupcorner_btn_txt" show="0"></imgbtn>
    <imgbtn name="speedup_corner_btn2" pos="200,3" class="cls_speedupcorner_btn_txt" show="0"></imgbtn>
    <imgbtn name="speedup_corner_btn3" pos="300,3" class="cls_speedupcorner_btn_txt" show="0"></imgbtn>
    <imgbtn name="guide_speedup_desc_imgbtn1" pos="14,19,@12,@12" skin="speeduptippanel_detail" show="0"></imgbtn>
    <imgbtn name="guide_speedup_desc_imgbtn2" pos="14,19,@12,@12" skin="speeduptippanel_detail" show="0"></imgbtn>
    <imgbtn name="guide_speedup_desc_imgbtn3" pos="14,19,@12,@12" skin="speeduptippanel_detail" show="0"></imgbtn>
    <link name="guide_speedup_price1" pos="37,19" class="cls_speedup_price_txt" show="0"></link>
    <link name="guide_speedup_price2" pos="37,19" class="cls_speedup_price_txt" show="0"></link>
    <link name="guide_speedup_price3" pos="37,19" class="cls_speedup_price_txt" show="0"></link>
    <link name="corner_btn_width_calc" pos="0,0" class="cls_speedupcorner_btn_txt" show="0"></link>
    <link name="price_text_width_calc" pos="0,0" class="cls_speedup_price_txt" show="0"></link>
    <imgbtn name="speedup_close_btn" pos="-30,29,@10,@10" skin="speeduptippanel_close_btn" cursor="arrow"></imgbtn>
  </dlg>
  <dlg name="pan_container_status_panel" pos="0,-34,-0,-0">
    <include src="IDR_DUI_FILE_CONTAINER_STATUS_PANEL"/>
  </dlg>
  <dlg name="pan_container_brower_search_panel" pos="0,-44,-0,-0" show="0">
    <include src="IDR_DUI_FILE_CONTAINER_BROWERSEARCH_PANEL"/>
  </dlg>
</dlg>
