<layer name="SelectivePathIntroduce" width="328" height="150" appwin="0" toolwindow="1" ncRect="5,5,5,5" translucent="1" nomaxsize="1">
  <body> 
    <dlg name="dlg_member_center" pos="0,0,-0,-0" skin="workspace_guide_introduce_bk" >
      <dlg name="dlg_member_privilege" pos="16,13,-16,-20">
        <text name="dlg_title" pos="12,12,@200,@12" font="0004:微软雅黑" crtext="03081A" align="left">%str6850%</text>
        <text name="dlg_introdue" pos="12,35,@272,@60" font="0000:微软雅黑" multilines="1" crtext="AFB3BF" align="center">%str6851%</text>
      </dlg>          
    </dlg>
  </body>
</layer>