<layer name="ResidentGuide" width="790" height="665" appwin="0" toolwindow="1" ncRect="5,5,5,5" translucent="1" nomaxsize="1">
    <body>
        <dlg skin="workspace_guide_mask" pos="0,0,-0,-0">
            <dlg name="dlg_main" pos="153,166,@484,@332" skin="workspace_guide_frame">
                <dlg pos="10,10,-10,-10">
                    <text name="dlg_title" pos="24,18" font="0304:微软雅黑">%str4571%</text>
                    <hr name="dlg_line" pos="0,47,-0,47" crbg="EEEEEE"></hr>
                    <dlg pos="0,48,-0,-0" crbg="FFFFFF">
                        <img name="imp_warning" pos="|-45,0,@90,@90" skin="workspace_guide_warning_bkg"/>
                        <text name="text_warning" pos="|-90,[14,@180,@12" font="0002:微软雅黑">%str4572%</text>
                        <link name="lnk_sync_dir" font="0000:微软雅黑" crtext="FF436A" pos="|-208,[8,@416,@32" align="center" skin="workspace_guide_edit_bkg" cursor="hand"></link>
                        <text name="sync_dir_label" font="0000:微软雅黑" crtext="AFB3BF" pos="|-192,[12,@384,@12">%str4573%</text>
                        <imgbtn name="btn_merge_file" font="0204:宋体" crtext="06A7FF" pos="|-136,-60,@128,@36" skin="workspace_guide_btn_bkg_two" cursor="arrow">%str4574%</imgbtn>
                        <imgbtn name="btn_return" font="0204:宋体" crtext="FFFFFF" pos="|8,-60,@128,@36" skin="workspace_guide_btn_bkg_one" cursor="arrow">%str4575%</imgbtn>                       
                    </dlg>
                </dlg>    
            </dlg>
        </dlg>
    </body>
</layer>