<layer name="ConfirmUseAutoFillPasswordLinkDlg" width="464" height="217" appwin="0" toolwindow="1" ncRect="5,5,5,5" translucent="1" nomaxsize="1">
    <body>
        <dlg name="dlg_main" pos="0,0,-0,-0" skin="workspace_guide_frame_mask">
        <caption pos="0,0,-0,48">
          <text name="dlg_title" pos="24,18" font="0204:微软雅黑" animate="1">%str5070%</text>       
          <imgbtn name="btn_close" skin="titlepanel_close_btn" pos="-40,|-8,@15,@16" cursor="arrow" ></imgbtn>
          <hr pos="15,-2,-15,-1" crbg="F5F6FA" size="1"/>
        </caption>
        <dlg pos="0,48,-0,-0">
            <text name="text_main_tip" pos="20,15,-20,30" font="0104:微软雅黑" crtext="03081A" align="center" multilines="0">%str5071%</text>
            <text name="text_sub_tip" pos="40,45,-40,65" font="0000:微软雅黑" crtext="666666" align="center" multilines="0">%str5072%</text>
            <text name="text_third_tip" pos="40,66,-40,81" font="0000:微软雅黑" crtext="666666" align="center" show="0" multilines="0"></text>
            <imgbtn name="btn_no_use" pos="96,108,@128,@36" skin="speedup_package_light_blue_btn" crtext="06A7FF" font="0000:微软雅黑">%str26%</imgbtn>
            <imgbtn name="btn_use" pos="[16,108,@128,@36" skin="speedup_package_dark_blue_btn" crtext="FFFFFF" font="0000:微软雅黑">%str500%</imgbtn>
        </dlg>
        </dlg>
    </body>
</layer>