<layer name="WorkspaceDeletePromptDlg" width="464" height="244" appwin="0" ncRect="0,0,0,0" resize="0" translucent="1" nomaxsize="1">
  <body>
    <dlg name="content" pos="0,0,-0,-0" skin="mainbase_dlg">
      <caption pos="0,0,-0,@35">
        <text pos="24,14,@196,@20" crtext="03081A" font="0200:微软雅黑">%str6780%</text>
        <imgbtn name="btn_close" pos="-26,18,@11,@11" skin="wechatbackup_guide_dlg_close"></imgbtn>
      </caption>
      <text name="txt_delete_file" pos="60,80,@384,@20" crtext="495366" font="0200:微软雅黑" multilines="1"></text>
      <text pos="60,100" crtext="495366" font="0200:微软雅黑" >%str6783%</text>
      <link name="lnk_goto_recycle" pos="[0,100" font="0200:微软雅黑" crtext="06A7FF">%str6782%</link>
      <imgbtn name="btn_noTip" pos="96,148,@128,@36" skin="deletefilebuttonbk" crtext="06A7FF" font="0200:微软雅黑" >%str890%</imgbtn>
      <imgbtn name="btn_known" pos="240,148,@128,@36" skin="workspace_guide_btn_bkg_one" crtext="FFFFFF" font="0200:微软雅黑" >%str4962%</imgbtn>
      <img pos="0,208,@464,@36" skin="deletefilebk"></img>
      <text pos="24,218,@264,@17" crtext="818999" font="0000:微软雅黑" >%str6784%</text>
      <link name="lnk_goto_Know" pos="392,218" font="0000:微软雅黑" crtext="06A7FF">%str6786%</link>
    </dlg>
  </body>
</layer>