<dlg name="WorkSpaceNavigatePanel" pos="0,0,-0,-0" crbg="F5F6FA">
  <dlg pos="0,0,-13,-0">
    <!--文件-->
    <imgbtn name="btn_home" pos="14,16,@40,@40" skin="workspace_bg_normal" crtext="636D7E"
     font="0000:微软雅黑" icoskin="workspace_navigate_file" txtxoffset="0" cursor="arrow" tip="%str4501%"></imgbtn>
    <!--记录-->
    <imgbtn name="btn_record" pos="14,72,@40,@40" skin="titlepanel_translucent" crtext="636D7E"
     font="0000:微软雅黑" icoskin="workspace_navigate_record" txtxoffset="0" tip="%str4502%" cursor="arrow"></imgbtn>
    <!--回收站-->
    <imgbtn name="btn_recycle" pos="14,128,@40,@40" skin="titlepanel_translucent" crtext="636D7E"
     font="0000:微软雅黑" icoskin="workspace_recycle" txtxoffset="0" cursor="arrow" tip="%str4503%"></imgbtn>

    <!--本地同步目录-->
    <imgbtn name="btn_sync_dir" pos="24,-92,@20,@20" skin="workspace_sync_dir" cursor="arrow" tip="%str4582%"></imgbtn>
    <!--新手引导-->
    <imgbtn name="btn_resident_guide" pos="24,-44,@20,@20" skin="workspace_guid" cursor="arrow" tip="%str4650%"></imgbtn>
  </dlg>
</dlg>