﻿<layer name="PdfToWordVipGuideDlg"  width="420" height="230" appwin="0" ncRect="0,0,0,0"  resize="0" translucent="1"  nomaxsize="0">
  <body>
    <dlg pos="0,0,-0,-0" class="cls_dlg_frame">
      <caption pos="0,0,-0,38">
        <img pos="10,8" skin="common_logo_main"></img>
        <text name="dlg_title" pos="39,9" class="cls_dlg_title_text">%str831%</text>
        <imgbtn name="btn_close" skin="btn_sys_close" pos="-34,1,-2,21" cursor="arrow" tip="%str250%" animate="1"/>
      </caption>
      <dlg pos="0,38,-0,-0">
        <dlg pos="0,0,-0,-0">
          <img name="img_bkg" pos="185,23" skin="pdf_to_word_vip_guide_bkskin" />
          <text name="text_guide" pos="0,88,-0,@12" crtext="333333" align="center">%str3201%</text>
        </dlg>
        <imgbtn name="btn_buy_vip" pos="150,-63,270,-33" cursor="arrow" animate="1" skin="btn_svip" crtext="442203">%str3202%</imgbtn>
      </dlg>
    </dlg> 
  </body>
</layer>