﻿<layer name="FileVersionVipGuideDlg"  width="420" height="240" appwin="0" ncRect="0,0,0,0"  resize="0" translucent="1"  nomaxsize="0">
  <body>
    <dlg pos="0,0,-0,-0" class="cls_dlg_frame">
      <caption pos="0,0,-0,38">
        <img pos="10,8" skin="common_logo_main"></img>
        <text name="dlg_title" pos="39,9" class="cls_dlg_title_text">%str830%</text>
        <imgbtn name="btn_close" skin="btn_sys_close" pos="-34,1,-2,21" cursor="arrow" tip="%str250%" animate="1"/>
      </caption>
      <dlg pos="0,38,-0,-0">       
        <text name="text_headline" pos="0,20,-0,@20" align="center" font="0600:微软雅黑" crtext="000000">%str3553%</text>
        <text name="text_content" pos="50,[16" font="0100:微软雅黑" crtext="666666">%str3565%</text>
        <text name="text_content2" pos="76,[4" font="0100:微软雅黑" crtext="666666">%str3566%</text>
        <imgbtn name="btn_buy_vip" pos="110,-67,@200,@45" cursor="arrow" animate="1" font="0600:微软雅黑" skin="btn_svip_round_angle" crtext="442203">%str830%</imgbtn>      
      </dlg>
    </dlg> 
  </body>
</layer>