﻿<layer name="BackupUpdateDlg" width="900" height="650" appwin="0" ncRect="0,0,0,0"  resize="0" translucent="1" nomaxsize="1">
  <body>
    <dlg pos="0,0,-0,-0" name="UpgradeGuidePanel" skin="backup_update_mask_bg">
      <dlg name="UpgradeContentPanel" pos="|-270,|-190,@540,@380" skin="backup_update_guide_image">
        <imgbtn name="btn_close_guide" skin="backup_update_closebtn" pos="-46,20,-22,44" cursor="arrow" tip="%str250%" animate="1"/>
        <text name="static_guide_tip" pos="0,262,-0,@12" crtext="8c92a6" font="0000:微软雅黑" align="center">%str750%</text>
        <dlg name="SuperMemberActvityPanel" pos="32,-83,-44,-32" show="1">
          <imgbtn name="btn_buy_super_member" pos="0,0,266,-0" skin="backup_update_red_discount_btn" crtext="ffffff" align="middle" valign="middle" font="0000:微软雅黑" cursor="arrow" animate="1"></imgbtn>
          <imgbtn name="btn_known" pos="-170,15,-0,-0" crtext="ffffff" skin="backup_update_grey_btn" font="0000:微软雅黑">%str752%</imgbtn>
        </dlg> 
        <dlg name="NoneMemberActvityPanel" pos="44,-68,-44,-32" show="0">
          <imgbtn name="btn_buy_member" pos="0,0,254,-0" skin="btn_svip" crtext="442203" align="middle" valign="middle" font="0000:微软雅黑" cursor="arrow" animate="1">%str751%</imgbtn>
          <imgbtn name="btn_known" pos="-170,0,-0,-0" crtext="ffffff" skin="backup_update_grey_btn" font="0000:微软雅黑">%str752%</imgbtn>
        </dlg> 
    </dlg>
    </dlg>
    <dlg pos="0,0,-0,-0" name="UpgradeConfirmPanel" class="cls_message_box" show="0">
      <caption pos="0,0,-0,38">
        <img pos="10,8" skin="common_logo_main"></img>
        <text pos="39,9" class="cls_dlg_title_text">%str753%</text>
        <imgbtn name="btn_close_confirm" skin="btn_sys_close" pos="-34,1,-2,21" cursor="arrow" tip="%str250%" animate="1"/>
      </caption>
      <dlg name="UpgradeTipPanel" pos="0,38,-0,-0">
        <img pos="30,33,@34,@34" skin="msgbox_question"/>
        <text pos="74,40,-10,58" crtext="666666">%str754%</text>
        <imgbtn name="btn_upgrade_suc" pos="-164,-27,-92,-3" class="msgboxbtn">%str755%</imgbtn>
        <imgbtn name="btn_upgrade_cancel" pos="-82,-27,-10,-3" class="msgboxbtn">%str756%</imgbtn>
      </dlg>
    </dlg>
  </body>
</layer>
