<dlg name="Toolbar" skin="mainpanel_toolbar_bkg" pos="16,0,-0,-0">
  <dlg name="dlg_buttons" pos="0,0,0,0" crbg="ffffff" skin="mainpanel_toolbar_lightblue_btn"></dlg>
  <imgbtn name="btn_upload" class="toolbarbtn" skin="mainpanel_toolbar_darkblue_btn" font="0000:微软雅黑" hoverfont="0004:微软雅黑" crtext="ffffff" crhover="ffffff" crdisabled="AFB3BF" textmode="40824" icoskin="mainpanel_toolbar_upload" icoxoffset="24" icoyoffset="8" txtxoffset="44" pos="5,7,@92,@32" cursor="arrow">%str2150%</imgbtn>
  <imgbtn name="btn_download" class="toolbarbtn" skin="mainpanel_toolbar_bg_transparent" font="0000:微软雅黑" hoverfont="0004:微软雅黑" crtext="06A7FF" crdisabled="AFB3BF" textmode="40824" icoskin="mainpanel_toolbar_download" icoxoffset="12" icoyoffset="8" txtxoffset="32" pos="[5,7,@70,@32" cursor="arrow">%str2151%</imgbtn>
  <imgbtn name="btn_createshare" class="toolbarbtn" skin="mainpanel_toolbar_bg_transparent" font="0000:微软雅黑" hoverfont="0004:微软雅黑" crtext="06A7FF" crdisabled="AFB3BF" textmode="40824" icoskin="mainpanel_toolbar_createshare" icoxoffset="12" icoyoffset="8" txtxoffset="32" pos="[5,7,@70,@32" cursor="arrow">%str2152%</imgbtn>
  <imgbtn name="btn_del_record" class="toolbarbtn" skin="mainpanel_toolbar_bg_transparent" font="0000:微软雅黑" hoverfont="0004:微软雅黑" crtext="06A7FF" crdisabled="AFB3BF" textmode="40824" icoskin="mainpanel_toolbar_clear" icoxoffset="12" icoyoffset="8" txtxoffset="32" pos="[5,7,@90,@32" cursor="arrow">%str2365%</imgbtn>
  <imgbtn name="btn_open_folder" class="toolbarbtn" skin="mainpanel_toolbar_bg_transparent" font="0000:微软雅黑" hoverfont="0004:微软雅黑" crtext="06A7FF" crdisabled="AFB3BF" textmode="40824" icoskin="mainpanel_toolbar_openfolder" icoxoffset="12" icoyoffset="8" txtxoffset="32" pos="[5,7,@130,@32" cursor="arrow">%str2336%</imgbtn>
  <imgbtn name="btn_del_file" class="toolbarbtn" skin="mainpanel_toolbar_bg_transparent" font="0000:微软雅黑" hoverfont="0004:微软雅黑" crtext="06A7FF" crdisabled="AFB3BF" textmode="40824" icoskin="mainpanel_toolbar_delete" icoxoffset="12" icoyoffset="8" txtxoffset="32" pos="[5,7,@90,@32" cursor="arrow">%str2366%</imgbtn>
  <dropbutton name="btn_more" class="toolbarbtn" skin="mainpanel_toolbar_bg_transparent" font="0000:微软雅黑" hoverfont="0004:微软雅黑" crtext="06A7FF" crdisabled="AFB3BF" textmode="40824" icoskin="mainpanel_toolbar_more" drop-skin="mainpanel_toolbar_drop_arrow" icoxoffset="12" icoyoffset="8" txtxoffset="32" pos="[5,7,@70,@32" cursor="arrow" show="0">%str2159%</dropbutton>
  <imgbtn name="btn_export_onlinedoc" class="toolbarbtn" skin="mainpanel_toolbar_bg_transparent" font="0000:微软雅黑" hoverfont="0004:微软雅黑" crtext="06A7FF" crdisabled="AFB3BF" textmode="40824" icoskin="mainpanel_toolbar_export_onlinedoc" icoxoffset="12" icoyoffset="8" txtxoffset="32" pos="85,7,@70,@32" show="0" cursor="arrow">%str2363%</imgbtn>
</dlg>
