<dlg name="Toolbar" skin="mainpanel_toolbar_bkg" pos="16,0,-0,-0">
  <dlg name="dlg_buttons" pos="0,0,0,0" crbg="ffffff" skin="mainpanel_toolbar_lightblue_btn"></dlg>
  <imgbtn name="btn_upload" class="toolbarbtn" skin="mainpanel_toolbar_darkblue_btn" font="0000:微软雅黑" hoverfont="0004:微软雅黑" crtext="ffffff" crhover="ffffff" crdisabled="AFB3BF" textmode="40824" icoskin="mainpanel_toolbar_upload" icoxoffset="24" icoyoffset="8" txtxoffset="44" pos="5,7,@92,@32" cursor="arrow">%str2150%</imgbtn>
  <imgbtn name="btn_download" class="toolbarbtn" skin="mainpanel_toolbar_bg_transparent" font="0000:微软雅黑" hoverfont="0000:微软雅黑" crtext="06A7FF" crdisabled="AFB3BF" textmode="40824" icoskin="mainpanel_toolbar_download" icoxoffset="12" icoyoffset="8" txtxoffset="32" pos="[5,7,@70,@32" cursor="arrow">%str2151%</imgbtn>
  <imgbtn name="btn_createshare" class="toolbarbtn" skin="mainpanel_toolbar_bg_transparent" font="0000:微软雅黑" hoverfont="0004:微软雅黑" crtext="06A7FF" crdisabled="AFB3BF" textmode="40824" icoskin="mainpanel_toolbar_createshare" icoxoffset="12" icoyoffset="8" txtxoffset="32" pos="[5,7,@70,@32" cursor="arrow">%str2152%</imgbtn>
  <imgbtn name="btn_delete" class="toolbarbtn" skin="mainpanel_toolbar_bg_transparent" font="0000:微软雅黑" hoverfont="0004:微软雅黑" crtext="06A7FF" crdisabled="AFB3BF" textmode="40824" icoskin="mainpanel_toolbar_delete" icoxoffset="12" icoyoffset="8" txtxoffset="32" pos="[5,7,@70,@32" cursor="arrow">%str2153%</imgbtn>
  <imgbtn name="btn_createdir" class="toolbarbtn" skin="mainpanel_toolbar_bg_transparent" font="0000:微软雅黑" hoverfont="0004:微软雅黑" crtext="06A7FF" crdisabled="AFB3BF" textmode="40824" icoskin="mainpanel_toolbar_createdir" icoxoffset="12" icoyoffset="8" txtxoffset="32" pos="[5,7,@100,@32" cursor="arrow" show="0">%str2154%</imgbtn>
  <imgbtn name="btn_editonlinedoc" class="toolbarbtn" skin="mainpanel_toolbar_bg_transparent"  font="0000:微软雅黑" hoverfont="0004:微软雅黑" crtext="06A7FF" crdisabled="AFB3BF" textmode="40824" icoskin="mainpanel_toolbar_doc_to_onlinedoc"  icoxoffset="12" icoyoffset="8" txtxoffset="32" pos="[5,7,@120,@32" cursor="arrow" show="0">%str2191%</imgbtn>
  <dropbutton name="btn_createonlinedoc" class="toolbarbtn" skin="mainpanel_toolbar_bg_transparent" font="0000:微软雅黑" hoverfont="0004:微软雅黑" crtext="06A7FF" crdisabled="AFB3BF" textmode="40824" icoskin="mainpanel_createonlinedoc" drop-skin="mainpanel_toolbar_drop_arrow" icoxoffset="12" icoyoffset="8" txtxoffset="32" pos="245,7,@120,@32" cursor="arrow" show="0">%str2187%</dropbutton>
  <img name="img_newfunc" pos="[-29,2,@29,@14" skin="mainpanel_toolbar_badge_new_func" cursor="arrow" show="0"/>
  <imgbtn name="btn_pdftoword" class="toolbarbtn" skin="mainpanel_toolbar_bg_transparent" font="0000:微软雅黑" hoverfont="0004:微软雅黑" crtext="06A7FF" crdisabled="AFB3BF" textmode="40824" icoskin="mainpanel_toolbar_pdftoword" icoxoffset="12" icoyoffset="8" txtxoffset="32" pos="350,7,@112,@32" cursor="arrow" show="0">%str2181%</imgbtn>
  <imgbtn name="btn_mobileview" class="toolbarbtn" skin="mainpanel_toolbar_bg_transparent" font="0000:微软雅黑" hoverfont="0004:微软雅黑" crtext="06A7FF" crdisabled="AFB3BF" textmode="40824" icoskin="mainpanel_toolbar_mobileview" icoxoffset="12" icoyoffset="8" txtxoffset="32" pos="465,7,@82,@32" cursor="arrow" show="0">%str2186%</imgbtn>
  <imgbtn name="btn_export_onlinedoc" class="toolbarbtn" skin="mainpanel_toolbar_bg_transparent" font="0000:微软雅黑" hoverfont="0004:微软雅黑" crtext="06A7FF" crdisabled="AFB3BF" textmode="40824" icoskin="mainpanel_toolbar_export_onlinedoc" icoxoffset="12" icoyoffset="8" txtxoffset="32" pos="85,7,@70,@32" show="0" cursor="arrow">%str2363%</imgbtn>
  <imgbtn name="btn_cloudedit" class="toolbarbtn" skin="mainpanel_toolbar_bg_transparent" font="0000:微软雅黑" hoverfont="0004:微软雅黑" crtext="06A7FF" crdisabled="AFB3BF" textmode="40824" icoskin="mainpanel_toolbar_cloudedit" icoxoffset="12" icoyoffset="8" txtxoffset="32" pos="[5,7,@80,@32" cursor="arrow" show="0">%str2195%</imgbtn>
  <dropbutton name="btn_offlinedownload" class="toolbarbtn" skin="mainpanel_toolbar_bg_transparent" font="0000:微软雅黑" hoverfont="0004:微软雅黑" crtext="06A7FF" crdisabled="AFB3BF" textmode="40824" icoskin="mainpanel_toolbar_offlinedownload" drop-skin="mainpanel_toolbar_drop_arrow" icoxoffset="24" icoyoffset="8" txtxoffset="44" pos="[5,7,@110,@32" cursor="arrow" show="0">%str2155%</dropbutton>
  <dropbutton name="btn_more" class="toolbarbtn" skin="mainpanel_toolbar_bg_transparent" font="0000:微软雅黑" hoverfont="0004:微软雅黑" crtext="06A7FF" crdisabled="AFB3BF" textmode="40824" icoskin="mainpanel_toolbar_more" drop-skin="mainpanel_toolbar_drop_arrow" icoxoffset="12" icoyoffset="8" txtxoffset="32" pos="[5,7,@70,@32" cursor="arrow" show="0">%str2159%</dropbutton>
  <imgbtn name="btn_batch_rename" class="toolbarbtn" skin="mainpanel_toolbar_bg_transparent" font="0000:微软雅黑" hoverfont="0004:微软雅黑" crtext="06A7FF" crdisabled="AFB3BF" textmode="40824" icoskin="mainpanel_toolbar_batch_rename" icoxoffset="12" icoyoffset="8" txtxoffset="32" pos="[5,7,@132,@32" cursor="arrow" show="0">%str2194%</imgbtn>
  <img name="img_badge_batch_rename" pos="[-41,2,@29,@14" skin="mainpanel_toolbar_badge_new_func" cursor="arrow" show="0"/>

</dlg>
