<dlg pos="0,0,-0,-0">
  <!--文件列表视图-->
  <dlg name="dlg_list_view" pos="0,0,-0,-0" layout="hbox" show="0">
    <header name="file_list_header" pos="0,0,-0,@30" checkSkin="listhead_check" itemSkin="listhead_btn" noitemSkin="listhead_bkg"
            fixWidth="0" itemSwapEnable="0" sortHeader="1" sortSkin="listhead_arrow" check_txt_margin="12" crtext="757880" align="left">
    </header>
	<dlg name="dlg_file_list_search_file_tip" pos="12,30,-12,@40" show="0">
      <img name="search_yun_file_list_tip_bkg" pos="0,2,-0,-0" skin="common_tip_bgk_gray" show="1"/>
      <img name="search_yun_file_list_tip_icon" pos="16,13,@16,@16" skin="search_yun_file_failed_tip_icon" show="1"/>
      <text name="search_yun_file_list_tip_txt" pos="40,13" crtext="664100" font="0000:微软雅黑" align="left">%str4404%</text>
      <imgbtn name="search_yun_file_list_tip_buy_btn" pos="-110,6,@80,@28" cursor="arrow" crtext="442203" font="0000:微软雅黑" skin="mainpanel_guidepanel_yellow_btn" show="0"></imgbtn>
      <imgbtn name="search_yun_file_list_tip_close_btn" pos="-26,14,@16,@16" cursor="arrow" skin="titlepanel_close_btn"></imgbtn>
	</dlg>
	<gifplayer name="file_list_loading_gif" pos="|-16,|-16,@32,@32" skin="gif_statuspanel_loading" show="0"/>
    <text name="file_list_loading_txt_tip" pos="|-150,[12,@300,@18" crtext="333333" font="0200:微软雅黑" align="center" show="0">%str2311%</text>
    <dlg name="dlg_file_list" pos="0,30,-0,-0">
        <listboxex name="file_list_view" pos="0,0,-0,-0" itemheight="40" itemwidth="-1" virtual="1" frameskin="mainpanel_frame_select_bg">
          <template>
            <!--背景-->
            <img name="item_bkg" pos="1,0,-1,-1" skin="listitem_hover_bkg" show="0"></img>
            <!--文件名列-->
            <dlg name="col_1">
              <check name="chk_select" pos="12,|-7,@15,@15" skin="btncheckbox"></check>
              <img name="img_filetype" pos="[10,|-10,@20,@20" skin="other_small_image">
                <img name="img_trans_status" pos="0,0,-0,-0" skin="mainpanel_listview_trans_wait" show="0"></img>
              </img>
              <link name="link_filename" pos="[10,|-8" height="16" class="cls_mainpanel_filename_link" cursor="hand" dotted="1"></link>
            </dlg>
              
            <!--修改时间列-->
            <dlg name="col_2">
              <text name="txt_mtime" pos="8,|-8,-0,@16" crtext="666666" align="left" dotted="1"></text>
            </dlg>

            <!--所属文件夹列-->
            <dlg name="col_3">
              <text name="txt_filelastdir" pos="8,|-8,-0,@16" crtext="666666" align="left" dotted="1"></text>
            </dlg>
              
            <!--文件类型列-->
            <dlg name="col_4">
              <text name="txt_filetype" pos="8,|-8,-0,@16" crtext="666666" align="left" dotted="1"></text>
            </dlg>
              
            <!--文件大小列-->
            <dlg name="col_5">
              <text name="txt_filesize" pos="8,|-8,-0,@16" crtext="666666" align="left" dotted="1"></text>
            </dlg>
              
           <!--悬浮按钮-->
            <dlg name="floating_button">
                <imgbtn name="btn_share" pos="8,|-8,@16,@16" skin="mainpanel_listview_share" cursor="arrow" tip="%str2306%" show="0"></imgbtn>
                <imgbtn name="btn_down" pos="[18,|-8,@16,@16" skin="mainpanel_listview_down" cursor="arrow" tip="%str2321%" show="0"></imgbtn>
                <imgbtn name="btn_del" pos="[18,|-8,@16,@16" skin="mainpanel_listview_del" cursor="arrow" tip="%str2325%" show="0"></imgbtn>
                <imgbtn name="btn_rename" pos="[18,|-8,@16,@16" skin="mainpanel_listview_rename" cursor="arrow" tip="%str2332%" show="0"></imgbtn>
                <imgbtn name="btn_pdftoword" pos="[18,|-8,@16,@16" skin="mainpanel_listview_pdf_to_word" cursor="arrow" tip="%str2361%" show="0"></imgbtn>
                <imgbtn name="btn_mobileview" pos="[18,|-8,@16,@16" skin="mainpanel_listview_mobile_view" cursor="arrow" tip="%str2362%" show="0"></imgbtn>
                <imgbtn name="btn_cloudedit" pos="[18,|-8,@16,@16" skin="mainpanel_listview_cloud_edit" cursor="arrow" tip="%str2195%" show="0"></imgbtn>
                <imgbtn name="btn_edit_onlinedoc" pos="[18,|-8,@16,@16" skin="mainpanel_listview_doc_to_onlinedoc" cursor="arrow" tip="%str2191%" show="0"></imgbtn>
                <imgbtn name="btn_export_onlinedoc" pos="42,|-8,@16,@16" skin="mainpanel_listview_export_onlinedoc" cursor="arrow" tip="%str2363%" show="0"></imgbtn>
            </dlg>
          </template>
        </listboxex>
        
        <!--功能引导面板-->
        <dlg name="dlg_file_list_guide" pos="0,0" show="0">
            <buttonex name="btn_guide_tip" pos="0,0,-0,@72" normal-skin="mainpanel_guidepanel_zip" cursor="arrow"></buttonex>
            <img name="img_arrow" pos="0,0,@21,@14" skin="mainpanel_guidepanel_arrow_down"></img>
        </dlg>
    </dlg>
  </dlg>

  <!--文件缩略图视图-->
  <dlg name="dlg_thumb_view" pos="14,0,-0,-0" show="0">
	<gifplayer name="file_thumb_loading_gif" pos="|-16,|-16,@32,@32" skin="gif_statuspanel_loading" show="0"/>
    <text name="file_thumb_loading_txt_tip" pos="|-150,[12,@300,@18" crtext="333333" font="0200:微软雅黑" align="center" show="0">%str2311%</text>
    <dlg name="dlg_file_thumb_search_file_tip" pos="0,0,-12,40" show="0">
      <img name="search_yun_file_thumb_tip_bkg" pos="0,2,-0,-0" skin="common_tip_bgk_gray"/>
      <img name="search_yun_file_thumb_tip_icon" pos="16,13,@16,@16" skin="search_yun_file_failed_tip_icon"/>
      <text name="search_yun_file_thumb_tip_txt" pos="40,13" crtext="664100" font="0000:微软雅黑" align="left">%str4404%</text>
      <imgbtn name="search_yun_file_thumb_tip_buy_btn" pos="-110,6,@80,@28" cursor="arrow" crtext="442203" font="0000:微软雅黑" skin="mainpanel_guidepanel_yellow_btn" show="0"></imgbtn>
      <imgbtn name="search_yun_file_thumb_tip_close_btn" pos="-26,14,@16,@16" cursor="arrow" skin="titlepanel_close_btn"></imgbtn>
    </dlg>
    <filethumbview name="file_thumb_view" pos="0,0,-0,-0" itemwidth="138" itemheight="134" frameskin="mainpanel_frame_select_bg">
      <template>
        <dlg name="dlg_thumb_item" pos="6,6,-6,-6">
          <dlg name="dlg_file_item" pos="0,0,-0,-0" show="1">
            <img name="item_bkg" pos="0,0,-0,-0" skin="mainpanel_thumbview_item_hover_bg" show="0" cursor="arrow" msgtransparent="0"></img>
            <dlg name="dlg_video_bg" pos="11,7,@104,@82" crbg="000000" msgtransparent="1" show="0"></dlg>
            <img name="img_filetype" pos="|-30,20,@60,@60" skin="other_big_image"></img>
            <img name="img_thumbview" pos="7,7,@112,@82" skin="other_big_image" keep_size="1" show="0"></img>
            <img name="img_videoplay" pos="-41,-66,@30,@30" skin="mainpanel_thumbview_videoplay_normal" show="0"></img>
            <imgbtn name="btn_trans_del" pos="-52,14,@26,@26" skin="mainpanel_thumbview_trans_del_btn" cursor="arrow" tip="%str2360%" show="0"></imgbtn>
            <img name="img_folder_upload" pos="-52,14,@26,@26" skin="mainpanel_thumbview_folder_upload" show="0"></img>
            <img name="img_trans_status" pos="|-26,|-36,@53,@53" skin="mainpanel_thumbview_trans_waiting" show="0"></img>
            <img name="img_thumbview_filetype" pos="-36,-53,@20,@20" skin="other_big_image" show="0"></img>
            <check name="thumb_file_check" skin="mainpanel_thumbview_checkbox" focusskin="function_collect_focus_skin" pos="10,6" show="0"></check>
            <progress name="trans_progress" pos="|-23,70,@44,@6" bgskin="mainpanel_thumbview_trans_progress_bg" posskin="mainpanel_thumbview_trans_progress_fg" min="0" max="100" value="0" show="0"></progress>
            <link name="link_filename" pos="12,-26,-12,@16" crtext="333333" dotted="1" align="center" valign="middle" msgtransparent="1" textmode="40825"></link>
          </dlg>
          <dlg name="dlg_upload_item" pos="0,0,-0,-0" show="0">
            <img name="img_upload" pos="|-32,20,@64,@64" skin="mainpanel_thumbview_upload_normal"></img>
            <text name="txt_upload" pos="12,-26,-12,@16" crtext="333333" dotted="1" align="center" valign="middle">%str2310%</text>
          </dlg>
        </dlg>
      </template>
    </filethumbview>
    
    <!--功能引导面板-->
    <dlg name="dlg_file_thumb_guide" pos="0,0" show="0">
        <buttonex name="btn_guide_tip" pos="0,0,-0,@72" normal-skin="mainpanel_guidepanel_zip" cursor="arrow"></buttonex>
        <img name="img_arrow" pos="0,0,@21,@14" skin="mainpanel_guidepanel_arrow_down"></img>
    </dlg>
  </dlg>

  <!--空文件列表视图-->
  <dlg name="dlg_empty_view" pos="0,0,-0,-0" show="0">
    <img name="empty_view_bg" pos="|-90,|-100,@181,@127" skin="mainpanel_emptyview_empty"></img>
    <text name="txt_empty_tip" pos="|-150,[8,@300,@18" crtext="333333" font="0200:微软雅黑" align="center">%str2307%</text>
    <text name="txt_empty_tip_line2" pos="0,[8,-0,@18" crtext="333333" font="0200:微软雅黑" align="center" show="0">%str4401%</text>
    <imgbtn name="btn_upload" pos="|-36,[16,@72,@25" class="defultbtn" crtext="ffffff" cursor="arrow">%str2310%</imgbtn>
  </dlg>

  <!--正在加载视图-->
  <dlg name="dlg_loading_view" pos="0,0,-0,-0" show="1">
	<gifplayer name="loading_view_gif" pos="|-16,|-16,@32,@32" skin="gif_statuspanel_loading"/>
    <text name="txt_loading_tip" pos="|-150,[12,@300,@18" crtext="333333" font="0200:微软雅黑" align="center">%str2311%</text>
  </dlg>

  <!--加载失败视图-->
  <dlg name="dlg_error_view" pos="0,0,-0,-0" show="0">
    <img name="error_view_bg" pos="|-90,|-100,@181,@127" skin="mainpanel_emptyview_error"></img>
    <text name="txt_error_tip" pos="|-255,[8,@510,@18" crtext="333333" font="0200:微软雅黑" align="center">%str2312%</text>
    <imgbtn name="btn_refresh" pos="|-36,[16,@72,@25" class="defultbtn" crtext="ffffff" cursor="arrow">%str2313%</imgbtn>
  </dlg>

  <!--运营位图标-->
  <dlg name="dlg_operate_pos" pos="-90,-190,@80,@100" show="0">
    <dlg name="dlg_op_max" pos="0,0,@80,@100">
      <gifplayer name="op_gif" pos="0,0,@80,@80"></gifplayer>
      <imgbtn name="op_btn_close" pos="|-10,-20,@20,@20" class="defultbtn" crtext="ffffff" cursor="arrow" skin="operatingpos_close_btn_bkg"></imgbtn>
    </dlg>
    <dlg name="dlg_op_min" pos="0,0,@20,@80" show="0" clipclient="1">
      <img name="op_btn_min_img" pos="0,0,@80,@80"></img>
    </dlg>
  </dlg>
</dlg>